findlay_butler@hr.yahoo.com,findlay_butler,ciWZjArM
cain_mosley@finance.yahoo.com,cain_mosley,akW4j6Fr
donna_beltran@accounting.yahoo.com,donna_beltran,tqZMgzfB
sian_ramirez@sales.yahoo.com,sian_ramirez,3X9cZ9Jy
angelo_fulton@it.yahoo.com,angelo_fulton,NfBR9DIm
daniyal_castro@ops.yahoo.com,daniyal_castro,tixX1IWy
cayden_morrison@purchasing.yahoo.com,cayden_morrison,uHTRDgmI
amir_haney@randd.yahoo.com,amir_haney,LNBxJDjb
olive_fowler@production.yahoo.com,olive_fowler,VQAR9eeO
ernest_bauer@marketing.yahoo.com,ernest_bauer,Bu7ZIubQ
isla_burnett@leadership.yahoo.com,isla_burnett,OVQQ2kaA
albert_velazquez@sales.yahoo.com,albert_velazquez,GLbe7oSz
filip_donovan@it.yahoo.com,filip_donovan,KzZZ2vBe
hamza_crawford@ops.yahoo.com,hamza_crawford,kGOOOBeo
astrid_obrien@purchasing.yahoo.com,astrid_obrien,cgbwtOMl
milan_odling@randd.yahoo.com,milan_odling,SpRUbW1R
ruairi_stevenson@production.yahoo.com,ruairi_stevenson,2HYSz47C
ria_bonner@marketing.yahoo.com,ria_bonner,mgrGHX1j
ela_hicks@leadership.yahoo.com,ela_hicks,rSPVHHKH
aron_bean@finance.yahoo.com,aron_bean,P7ECetAL
woody_gardner@accounting.yahoo.com,woody_gardner,4dvpuomU
clyde_stokes@sales.yahoo.com,clyde_stokes,9CNciXM2
samantha_harrison@it.yahoo.com,samantha_harrison,ADcYNYBa
gina_mason@finance.yahoo.com,gina_mason,lEgn9INZ
hollie_vance@accounting.yahoo.com,hollie_vance,9SW26ffa
tillie_villa@sales.yahoo.com,tillie_villa,DVxYmX6N
jacqueline_dean@it.yahoo.com,jacqueline_dean,5WEa3dn2
xavier_vaughn@finance.yahoo.com,xavier_vaughn,3sRTWpRA
elif_pace@accounting.yahoo.com,elif_pace,B2J27HwO
thalia_duran@sales.yahoo.com,thalia_duran,LXMl2Sve
lacey_fields@it.yahoo.com,lacey_fields,6g21puWz
abi_hamilton@accounting.yahoo.com,abi_hamilton,PTJoNvA1
carys_ward@sales.yahoo.com,carys_ward,7IDHMwcl
philippa_velez@accounting.yahoo.com,philippa_velez,NZzXGVdk
annie_chen@sales.yahoo.com,annie_chen,C9sgc2bU
rhonda_sears@accounting.yahoo.com,rhonda_sears,v36kVU5e
casey_bullock@sales.yahoo.com,casey_bullock,w8Ux0UsW
lily-may_morgan@accounting.yahoo.com,lily-may_morgan,FPYKLIMm
jak_garner@sales.yahoo.com,jak_garner,G5Vt3pET
abbas_hines@accounting.yahoo.com,abbas_hines,ymY8iYdp
amira_gill@sales.yahoo.com,amira_gill,gzYMY7g1
jaime_watkins@accounting.yahoo.com,jaime_watkins,91YyCtQc
noor_mccall@sales.yahoo.com,noor_mccall,Uy91Rgcj
jasper_norris@ops.yahoo.com,jasper_norris,c8bXzBZ7
olivier_roach@ops.yahoo.com,olivier_roach,kTj9R5MR
dhruv_callahan@ops.yahoo.com,dhruv_callahan,M3PNIGRE
anjali_meyer@hr.yahoo.com,anjali_meyer,eAG5Dd2c
mae_noble@hr.yahoo.com,mae_noble,CemhtxAz
brogan_fitzpatrick@hr.yahoo.com,brogan_fitzpatrick,t5piIbPJ
haris_clayton@hr.yahoo.com,haris_clayton,DRYfpEUj